{
  "Total" : {
    "transaction" : "Total",
    "sampleCount" : 1412,
    "errorCount" : 214,
    "errorPct" : 15.1558075,
    "meanResTime" : 4916.341359773379,
    "medianResTime" : 4840.5,
    "minResTime" : 112.0,
    "maxResTime" : 13980.0,
    "pct1ResTime" : 8373.500000000004,
    "pct2ResTime" : 9363.75,
    "pct3ResTime" : 10710.109999999993,
    "throughput" : 67.99576230376577,
    "receivedKBytesPerSec" : 2970.6418488304203,
    "sentKBytesPerSec" : 48.48068958875085
  },
  "Login-page" : {
    "transaction" : "Login-page",
    "sampleCount" : 400,
    "errorCount" : 42,
    "errorPct" : 10.5,
    "meanResTime" : 6189.770000000002,
    "medianResTime" : 5887.0,
    "minResTime" : 2340.0,
    "maxResTime" : 13980.0,
    "pct1ResTime" : 9339.1,
    "pct2ResTime" : 9938.349999999999,
    "pct3ResTime" : 11370.650000000001,
    "throughput" : 22.99246996608611,
    "receivedKBytesPerSec" : 783.3560339067081,
    "sentKBytesPerSec" : 2.9638730815657874
  },
  "Home" : {
    "transaction" : "Home",
    "sampleCount" : 400,
    "errorCount" : 133,
    "errorPct" : 33.25,
    "meanResTime" : 5795.515000000002,
    "medianResTime" : 6610.0,
    "minResTime" : 112.0,
    "maxResTime" : 13097.0,
    "pct1ResTime" : 9186.7,
    "pct2ResTime" : 9787.5,
    "pct3ResTime" : 11760.380000000005,
    "throughput" : 22.53267237494367,
    "receivedKBytesPerSec" : 1385.85727136379,
    "sentKBytesPerSec" : 28.414161960624156
  },
  "Home-0" : {
    "transaction" : "Home-0",
    "sampleCount" : 306,
    "errorCount" : 0,
    "errorPct" : 0.0,
    "meanResTime" : 3036.094771241829,
    "medianResTime" : 3137.5,
    "minResTime" : 658.0,
    "maxResTime" : 6098.0,
    "pct1ResTime" : 3998.5,
    "pct2ResTime" : 4208.65,
    "pct3ResTime" : 5306.88,
    "throughput" : 17.66743648960739,
    "receivedKBytesPerSec" : 24.962786879330253,
    "sentKBytesPerSec" : 14.538602410508084
  },
  "Home-1" : {
    "transaction" : "Home-1",
    "sampleCount" : 306,
    "errorCount" : 39,
    "errorPct" : 12.745098,
    "meanResTime" : 3982.7287581699316,
    "medianResTime" : 3587.5,
    "minResTime" : 182.0,
    "maxResTime" : 9655.0,
    "pct1ResTime" : 6929.5,
    "pct2ResTime" : 7579.099999999999,
    "pct3ResTime" : 8823.640000000001,
    "throughput" : 17.90311256728294,
    "receivedKBytesPerSec" : 1347.1922514005091,
    "sentKBytesPerSec" : 11.641159789667682
  }
}